Main Author,Name,Title,Link,Email,Thumbnail
El Hassan ABDELWAHED,,,,,
El Hassan ABDELWAHED,Sara Qassimi,"Laboratory L2IS, UCA",https://scholar.google.com/citations?user=eKLgXfEAAAAJ&hl=fr,Adresse e-mail validée de uca.ac.ma,https://scholar.googleusercontent.com/citations?view_op=view_photo&user=eKLgXfEAAAAJ
El Hassan ABDELWAHED,Rachid Lamrani,PhD Researcher & UX/UI Designer,https://scholar.google.com/citations?user=52O0cbMAAAAJ&hl=fr,Adresse e-mail validée de ced.uca.ac.ma,https://scholar.googleusercontent.com/citations?view_op=view_photo&user=52O0cbMAAAAJ
El Hassan ABDELWAHED,Essaid El Bachari,professor of computer science,https://scholar.google.com/citations?user=ZAxOomkAAAAJ&hl=fr,Adresse e-mail validée de uca.ac.ma,https://scholar.googleusercontent.com/citations?view_op=view_photo&user=ZAxOomkAAAAJ
El Hassan ABDELWAHED,Karim Baïna,"Full Prof. of Comp. Sc. at ENSIAS, Mohammed V Uni in Rabat, Morocco",https://scholar.google.com/citations?user=tRtXdkEAAAAJ&hl=fr,Adresse e-mail validée de um5.ac.ma,https://scholar.googleusercontent.com/citations?view_op=view_photo&user=tRtXdkEAAAAJ
El Hassan ABDELWAHED,Djamal BENSLIMANE,"Professor, Computer science, Lyon 1 University",https://scholar.google.com/citations?user=VQXU5TcAAAAJ&hl=fr,Adresse e-mail validée de univ-lyon1.fr,https://scholar.googleusercontent.com/citations?view_op=view_photo&user=VQXU5TcAAAAJ
El Hassan ABDELWAHED,Kokou YETONGNON,"Professor of Computer Science, University of Bourgogne",https://scholar.google.com/citations?user=rpXJ0HQAAAAJ&hl=fr,Adresse e-mail validée de u-bourgogne.fr,https://scholar.googleusercontent.com/citations?view_op=view_photo&user=rpXJ0HQAAAAJ
El Hassan ABDELWAHED,Oussama HASIDI,"Eng. Ph.D Researcher,  Analytics Lab, UM6P-MAScIR-Cadi Ayyad University",https://scholar.google.com/citations?user=bBu6HBUAAAAJ&hl=fr,Adresse e-mail validée de ced.uca.ma,https://scholar.googleusercontent.com/citations?view_op=view_photo&user=bBu6HBUAAAAJ
El Hassan ABDELWAHED,Aimad QAZDAR,National School of Applied Science - Ibn Zohr University - Agadir,https://scholar.google.com/citations?user=APxOKe0AAAAJ&hl=fr,Adresse e-mail validée de uiz.ac.ma,https://scholar.googleusercontent.com/citations?view_op=view_photo&user=APxOKe0AAAAJ
El Hassan ABDELWAHED,Ahmed Bendaouia,PhD @ Moroccan foundation for advanced science innovation and research,https://scholar.google.com/citations?user=_yjMMRQAAAAJ&hl=fr,Adresse e-mail validée de edu.uca.ac.ma,https://scholar.googleusercontent.com/citations?view_op=view_photo&user=_yjMMRQAAAAJ
El Hassan ABDELWAHED,salah baina,Ecole Nationale Supérieure d'Informatique et Analyse des Systèmes,https://scholar.google.com/citations?user=Hb6gjowAAAAJ&hl=fr,Adresse e-mail validée de um5.ac.ma,https://scholar.googleusercontent.com/citations?view_op=view_photo&user=Hb6gjowAAAAJ
El Hassan ABDELWAHED,Eric LECLERCQ,"Professor of Computer Science, Université de Bourgogne",https://scholar.google.com/citations?user=ZLRGPkIAAAAJ&hl=fr,Adresse e-mail validée de u-bourgogne.fr,https://scholar.googleusercontent.com/citations?view_op=view_photo&user=ZLRGPkIAAAAJ
El Hassan ABDELWAHED,Mohamed Imam,"Phd Candidate in Comp. Vision & AI at ENSIAS, Mohammed V Univ in Rabat & MAScIR",https://scholar.google.com/citations?user=Wiu-_RoAAAAJ&hl=fr,Adresse e-mail validée de um5.ac.ma,https://scholar.googleusercontent.com/citations?view_op=view_photo&user=Wiu-_RoAAAAJ
El Hassan ABDELWAHED,Carlos Ordonez,"Department of Computer Science, University of Houston",https://scholar.google.com/citations?user=W9YkIcoAAAAJ&hl=fr,Adresse e-mail validée de central.uh.edu,https://scholar.googleusercontent.com/citations?view_op=view_photo&user=W9YkIcoAAAAJ
El Hassan ABDELWAHED,Stéphane Jean,LIAS/ENSMA and University of Poitiers,https://scholar.google.com/citations?user=A_Wy0jMAAAAJ&hl=fr,Adresse e-mail validée de ensma.fr,https://scholar.googleusercontent.com/citations?view_op=view_photo&user=A_Wy0jMAAAAJ
El Hassan ABDELWAHED,Dominique Méry,"Professor of Computer Science, University of Lorraine",https://scholar.google.com/citations?user=S7H-l5UAAAAJ&hl=fr,Adresse e-mail validée de univ-lorraine.fr,https://scholar.googleusercontent.com/citations?view_op=view_photo&user=S7H-l5UAAAAJ
El Hassan ABDELWAHED,Matteo Golfarelli,DISI - University of Bologna,https://scholar.google.com/citations?user=tVjgjZsAAAAJ&hl=fr,Adresse e-mail validée de unibo.it,https://scholar.googleusercontent.com/citations?view_op=view_photo&user=tVjgjZsAAAAJ
El Hassan ABDELWAHED,Ladjel Bellatreche,Laboratory LIAS @ ISAE-ENSMA,https://scholar.google.com/citations?user=6HBNiAIAAAAJ&hl=fr,Adresse e-mail validée de ensma.fr,https://scholar.googleusercontent.com/citations?view_op=view_photo&user=6HBNiAIAAAAJ
El Hassan ABDELWAHED,Outmane Bourkoukou,Cadi Ayyad University,https://scholar.google.com/citations?user=gQzHCEYAAAAJ&hl=fr,Adresse e-mail validée de ced.uca.ma,https://scholar.googleusercontent.com/citations?view_op=view_photo&user=gQzHCEYAAAAJ
Khalid BERRADA,,,,,
Rachid Bendaoud,,,,,
Rachid Bendaoud,Khalid BERRADA,UM5R Rabat,https://scholar.google.com/citations?user=_3QgtDcAAAAJ&hl=fr,Adresse e-mail validée de um5r.ac.ma,https://scholar.googleusercontent.com/citations?view_op=view_photo&user=_3QgtDcAAAAJ
Rachid Bendaoud,MACHWATE,"PhD, Trans ERIE, FSSM, Cadi Ayyad University, Marrakech, Morocco",https://scholar.google.com/citations?user=01wHQ3IAAAAJ&hl=fr,Adresse e-mail validée de uca.ac.ma,https://scholar.googleusercontent.com/citations?view_op=view_photo&user=01wHQ3IAAAAJ
Rachid Bendaoud,Daniel Burgos,Universidad Internacional de La Rioja (UNIR),https://scholar.google.com/citations?user=1XqIM88AAAAJ&hl=fr,Adresse e-mail validée de unir.net,https://scholar.googleusercontent.com/citations?view_op=view_photo&user=1XqIM88AAAAJ
Rachid Bendaoud,sofia margoum,"PhD student,  Cadi ayyad university",https://scholar.google.com/citations?user=Ca__kIMAAAAJ&hl=fr,Adresse e-mail validée de edu.uca.ac.ma,https://scholar.googleusercontent.com/citations?view_op=view_photo&user=Ca__kIMAAAAJ
Rachid Bendaoud,Khadija EL KHARKI,"TransERIE, Faculty of Sciences Semlalia, Cadi Ayyad University, Marrakesh, Morocco",https://scholar.google.com/citations?user=b4jp_uoAAAAJ&hl=fr,Adresse e-mail validée de edu.uca.ac.ma,https://scholar.googleusercontent.com/citations?view_op=view_photo&user=b4jp_uoAAAAJ
Rachid Bendaoud,Philippe Tailhades,Directeur de recherche CNRS,https://scholar.google.com/citations?user=M9NhCK0AAAAJ&hl=fr,Adresse e-mail validée de univ-tlse3.fr,https://scholar.googleusercontent.com/citations?view_op=view_photo&user=M9NhCK0AAAAJ
Rachid Bendaoud,Juergen Henze,"Professor i.R., Vergleichende Erziehungswissenschaft, HU Berlin",https://scholar.google.com/citations?user=_umiuPQAAAAJ&hl=fr,Adresse e-mail validée de hu-berlin.de,https://scholar.googleusercontent.com/citations?view_op=view_photo&user=_umiuPQAAAAJ
Rachid Bendaoud,Karine Massé,"Maitre de Conferences, Universite de Bordeaux",https://scholar.google.com/citations?user=7bB3XjoAAAAJ&hl=fr,Adresse e-mail validée de u-bordeaux.fr,https://scholar.googleusercontent.com/citations?view_op=view_photo&user=7bB3XjoAAAAJ
Rachid Bendaoud,Marc Landry,Université de Bordeaux,https://scholar.google.com/citations?user=PWx-JKAAAAAJ&hl=fr,Adresse e-mail validée de u-bordeaux.fr,https://scholar.googleusercontent.com/citations?view_op=view_photo&user=PWx-JKAAAAAJ
Rachid Bendaoud,Mohamed Bennis,Université Cadi Ayyad,https://scholar.google.com/citations?user=7q832NgAAAAJ&hl=fr,Adresse e-mail validée de uca.ma,https://scholar.googleusercontent.com/citations?view_op=view_photo&user=7q832NgAAAAJ
MACHWATE,,,,,
MACHWATE,Khalid BERRADA,UM5R Rabat,https://scholar.google.com/citations?user=_3QgtDcAAAAJ&hl=fr,Adresse e-mail validée de um5r.ac.ma,https://scholar.googleusercontent.com/citations?view_op=view_photo&user=_3QgtDcAAAAJ
MACHWATE,Rachid Bendaoud,Université Cadi Ayyad - Marrakech,https://scholar.google.com/citations?user=9rixKFEAAAAJ&hl=fr,Adresse e-mail validée de uca.ac.ma,https://scholar.googleusercontent.com/citations?view_op=view_photo&user=9rixKFEAAAAJ
MACHWATE,Daniel Burgos,Universidad Internacional de La Rioja (UNIR),https://scholar.google.com/citations?user=1XqIM88AAAAJ&hl=fr,Adresse e-mail validée de unir.net,https://scholar.googleusercontent.com/citations?view_op=view_photo&user=1XqIM88AAAAJ
MACHWATE,Juergen Henze,"Professor i.R., Vergleichende Erziehungswissenschaft, HU Berlin",https://scholar.google.com/citations?user=_umiuPQAAAAJ&hl=fr,Adresse e-mail validée de hu-berlin.de,https://scholar.googleusercontent.com/citations?view_op=view_photo&user=_umiuPQAAAAJ
MACHWATE,Khadija EL KHARKI,"TransERIE, Faculty of Sciences Semlalia, Cadi Ayyad University, Marrakesh, Morocco",https://scholar.google.com/citations?user=b4jp_uoAAAAJ&hl=fr,Adresse e-mail validée de edu.uca.ac.ma,https://scholar.googleusercontent.com/citations?view_op=view_photo&user=b4jp_uoAAAAJ
MACHWATE,sofia margoum,"PhD student,  Cadi ayyad university",https://scholar.google.com/citations?user=Ca__kIMAAAAJ&hl=fr,Adresse e-mail validée de edu.uca.ac.ma,https://scholar.googleusercontent.com/citations?view_op=view_photo&user=Ca__kIMAAAAJ
MACHWATE,Daniel Villar-Onrubia,Universidad de Cádiz,https://scholar.google.com/citations?user=IPvOnhMAAAAJ&hl=fr,Adresse e-mail validée de uca.es,https://scholar.googleusercontent.com/citations?view_op=view_photo&user=IPvOnhMAAAAJ
MACHWATE,Katherine Wimpenny,"Reader in Education Research and Pedagogy, Research Centre for Global Learning Education and",https://scholar.google.com/citations?user=EyVaCJcAAAAJ&hl=fr,Adresse e-mail validée de coventry.ac.uk,https://scholar.googleusercontent.com/citations?view_op=view_photo&user=EyVaCJcAAAAJ
MACHWATE,Sarah Kate Merry,Coventry University,https://scholar.google.com/citations?user=ElTQVa0AAAAJ&hl=fr,Adresse e-mail validée de coventry.ac.uk,https://scholar.googleusercontent.com/citations?view_op=view_photo&user=ElTQVa0AAAAJ
MACHWATE,Karine Massé,"Maitre de Conferences, Universite de Bordeaux",https://scholar.google.com/citations?user=7bB3XjoAAAAJ&hl=fr,Adresse e-mail validée de u-bordeaux.fr,https://scholar.googleusercontent.com/citations?view_op=view_photo&user=7bB3XjoAAAAJ
MACHWATE,Mohamed Bennis,Université Cadi Ayyad,https://scholar.google.com/citations?user=7q832NgAAAAJ&hl=fr,Adresse e-mail validée de uca.ma,https://scholar.googleusercontent.com/citations?view_op=view_photo&user=7q832NgAAAAJ
MACHWATE,Marc Landry,Université de Bordeaux,https://scholar.google.com/citations?user=PWx-JKAAAAAJ&hl=fr,Adresse e-mail validée de u-bordeaux.fr,https://scholar.googleusercontent.com/citations?view_op=view_photo&user=PWx-JKAAAAAJ
Laurent Gajo,,,,,
Vincent Larivière,,,,,
Vincent Larivière,Cassidy R. Sugimoto,Tom and Marie Patton Professor and Chair,https://scholar.google.com/citations?user=AjKdHVMAAAAJ&hl=fr,Adresse e-mail validée de gatech.edu,https://scholar.googleusercontent.com/citations?view_op=view_photo&user=AjKdHVMAAAAJ
Vincent Larivière,Yves Gingras,Professor UQAM,https://scholar.google.com/citations?user=FyWM__oAAAAJ&hl=fr,Adresse e-mail validée de uqam.ca,https://scholar.googleusercontent.com/citations?view_op=view_photo&user=FyWM__oAAAAJ
Vincent Larivière,Stefanie Haustein,"ÉSIS, University of Ottawa",https://scholar.google.com/citations?user=kWhLvE8AAAAJ&hl=fr,Adresse e-mail validée de uottawa.ca,https://scholar.googleusercontent.com/citations?view_op=view_photo&user=kWhLvE8AAAAJ
Vincent Larivière,Philippe Mongeon,"Department of Information Science, Dalhousie University",https://scholar.google.com/citations?user=wvX4S8sAAAAJ&hl=fr,Adresse e-mail validée de dal.ca,https://scholar.googleusercontent.com/citations?view_op=view_photo&user=wvX4S8sAAAAJ
Vincent Larivière,Eric Archambault,Fair and thoughtful research assessment,https://scholar.google.com/citations?user=lwTJW3oAAAAJ&hl=fr,Adresse e-mail validée de posteo.net,https://scholar.googleusercontent.com/citations?view_op=view_photo&user=lwTJW3oAAAAJ
Vincent Larivière,Rodrigo Costas,CWTS Leiden University,https://scholar.google.com/citations?user=6dUTpTYAAAAJ&hl=fr,Adresse e-mail validée de cwts.leidenuniv.nl,https://scholar.googleusercontent.com/citations?view_op=view_photo&user=6dUTpTYAAAAJ
Vincent Larivière,Chaoqun Ni,University of Wisconsin-Madison,https://scholar.google.com/citations?user=aSuMS0oAAAAJ&hl=fr,Adresse e-mail validée de wisc.edu,https://scholar.googleusercontent.com/citations?view_op=view_photo&user=aSuMS0oAAAAJ
Vincent Larivière,Mike Thelwall,"Information School, The University of Sheffield",https://scholar.google.com/citations?user=8jCKL1sAAAAJ&hl=fr,Adresse e-mail validée de sheffield.ac.uk,https://scholar.googleusercontent.com/citations?view_op=view_photo&user=8jCKL1sAAAAJ
Vincent Larivière,Dakota Murray,Research Assistant Professor at Northeastern Univeristy,https://scholar.google.com/citations?user=sgTiLBUAAAAJ&hl=fr,Adresse e-mail validée de northeastern.edu,https://scholar.googleusercontent.com/citations?view_op=view_photo&user=sgTiLBUAAAAJ
Vincent Larivière,Fei Shu,Hangzhou Dianzi University,https://scholar.google.com/citations?user=q-qr8MMAAAAJ&hl=fr,Adresse e-mail validée de hdu.edu.cn,https://scholar.googleusercontent.com/citations?view_op=view_photo&user=q-qr8MMAAAAJ
Vincent Larivière,Adèle Paul-Hus,Université de Montréal,https://scholar.google.com/citations?user=ZsZex3IAAAAJ&hl=fr,Adresse e-mail validée de umontreal.ca,https://scholar.googleusercontent.com/citations?view_op=view_photo&user=ZsZex3IAAAAJ
Vincent Larivière,Juan Pablo Alperin,"Associate Professor, Simon Fraser University",https://scholar.google.com/citations?user=QW-eo0MAAAAJ&hl=fr,Adresse e-mail validée de sfu.ca,https://scholar.googleusercontent.com/citations?view_op=view_photo&user=QW-eo0MAAAAJ
Vincent Larivière,Blaise Cronin,"Rudy Professor Emeritus of Information Science, Indiana University Bloomington, USA",https://scholar.google.com/citations?user=ZM_iVWQAAAAJ&hl=fr,Adresse e-mail validée de indiana.edu,https://scholar.googleusercontent.com/citations?view_op=view_photo&user=ZM_iVWQAAAAJ
Vincent Larivière,Elise Smith,University of Texas Medical Branch,https://scholar.google.com/citations?user=HaLC82wAAAAJ&hl=fr,Adresse e-mail validée de utmb.edu,https://scholar.googleusercontent.com/citations?view_op=view_photo&user=HaLC82wAAAAJ
Vincent Larivière,Timothy D. Bowman,Dominican University,https://scholar.google.com/citations?user=jW4t8RoAAAAJ&hl=fr,Adresse e-mail validée de dom.edu,https://scholar.googleusercontent.com/citations?view_op=view_photo&user=jW4t8RoAAAAJ
Vincent Larivière,Philippe Vincent-Lamarre,Université de Montréal,https://scholar.google.com/citations?user=WbKEzOIAAAAJ&hl=fr,Adresse e-mail validée de umontreal.ca,https://scholar.googleusercontent.com/citations?view_op=view_photo&user=WbKEzOIAAAAJ
Vincent Larivière,Kyle Siler,University of Toronto,https://scholar.google.com/citations?user=x9DLinEAAAAJ&hl=fr,Adresse e-mail validée de utoronto.ca,https://scholar.googleusercontent.com/citations?view_op=view_photo&user=x9DLinEAAAAJ
Vincent Larivière,Andrew Tsou,"Ph.D. student, Indiana University",https://scholar.google.com/citations?user=OogQLAUAAAAJ&hl=fr,Adresse e-mail validée de umail.iu.edu,https://scholar.googleusercontent.com/citations?view_op=view_photo&user=OogQLAUAAAAJ
Vincent Larivière,Maxime Sainte-Marie,"Danish Center for Studies in Research and Research Policy, Aarhus University",https://scholar.google.com/citations?user=Vu6FKGIAAAAJ&hl=fr,Adresse e-mail validée de courrier.uqam.ca,https://scholar.googleusercontent.com/citations?view_op=view_photo&user=Vu6FKGIAAAAJ
Vincent Larivière,Stevan Harnad,Université du Québec à Montréal & U. Southampton,https://scholar.google.com/citations?user=_HQz-vEAAAAJ&hl=fr,Adresse e-mail validée de uqam.ca,https://scholar.googleusercontent.com/citations?view_op=view_photo&user=_HQz-vEAAAAJ
Mohammed aziz elhoumaizi,,,,,
Khadija EL KHARKI,,,,,
Khadija EL KHARKI,Khalid BERRADA,UM5R Rabat,https://scholar.google.com/citations?user=_3QgtDcAAAAJ&hl=fr,Adresse e-mail validée de um5r.ac.ma,https://scholar.googleusercontent.com/citations?view_op=view_photo&user=_3QgtDcAAAAJ
Khadija EL KHARKI,Daniel Burgos,Universidad Internacional de La Rioja (UNIR),https://scholar.google.com/citations?user=1XqIM88AAAAJ&hl=fr,Adresse e-mail validée de unir.net,https://scholar.googleusercontent.com/citations?view_op=view_photo&user=1XqIM88AAAAJ
Khadija EL KHARKI,Rachid Bendaoud,Université Cadi Ayyad - Marrakech,https://scholar.google.com/citations?user=9rixKFEAAAAJ&hl=fr,Adresse e-mail validée de uca.ac.ma,https://scholar.googleusercontent.com/citations?view_op=view_photo&user=9rixKFEAAAAJ
Khadija EL KHARKI,MACHWATE,"PhD, Trans ERIE, FSSM, Cadi Ayyad University, Marrakech, Morocco",https://scholar.google.com/citations?user=01wHQ3IAAAAJ&hl=fr,Adresse e-mail validée de uca.ac.ma,https://scholar.googleusercontent.com/citations?view_op=view_photo&user=01wHQ3IAAAAJ
Khadija EL KHARKI,sofia margoum,"PhD student,  Cadi ayyad university",https://scholar.google.com/citations?user=Ca__kIMAAAAJ&hl=fr,Adresse e-mail validée de edu.uca.ac.ma,https://scholar.googleusercontent.com/citations?view_op=view_photo&user=Ca__kIMAAAAJ
Bernadette CHARLIER,,,,,
Bernadette CHARLIER,Nathalie Deschryver,Haute école pédagogique du canton de Vaud,https://scholar.google.com/citations?user=sv1ajokAAAAJ&hl=fr,Adresse e-mail validée de hepl.ch,https://scholar.googleusercontent.com/citations?view_op=view_photo&user=sv1ajokAAAAJ
Bernadette CHARLIER,Amaury Daele,"Haute Ecole Pédagogique (HEP) Vaud, Lausanne, Suisse",https://scholar.google.com/citations?user=hp_l6yUAAAAJ&hl=fr,Adresse e-mail validée de hepl.ch,https://scholar.googleusercontent.com/citations?view_op=view_photo&user=hp_l6yUAAAAJ
Bernadette CHARLIER,Murray Saunders,"Lancaster University, UK",https://scholar.google.com/citations?user=J_bpONwAAAAJ&hl=fr,Adresse e-mail validée de lancaster.ac.uk,https://scholar.googleusercontent.com/citations?view_op=view_photo&user=J_bpONwAAAAJ
Bernadette CHARLIER,Claire Peltier,University of Geneva,https://scholar.google.com/citations?user=7v9OofoAAAAJ&hl=fr,Adresse e-mail validée de unige.ch,https://scholar.googleusercontent.com/citations?view_op=view_photo&user=7v9OofoAAAAJ
Bernadette CHARLIER,Brigitte Denis,Université de Liège,https://scholar.google.com/citations?user=BsAX58AAAAAJ&hl=fr,Adresse e-mail validée de ulg.ac.be,https://scholar.googleusercontent.com/citations?view_op=view_photo&user=BsAX58AAAAAJ
Bernadette CHARLIER,Emmanuelle Villiot-Leclercq,Grenoble Ecole de Management,https://scholar.google.com/citations?user=NyjlJgcAAAAJ&hl=fr,Adresse e-mail validée de grenoble-em.com,https://scholar.googleusercontent.com/citations?view_op=view_photo&user=NyjlJgcAAAAJ
Bernadette CHARLIER,Mélanie Ciussi,Professor SKEMA BS,https://scholar.google.com/citations?user=Fk4lMdsAAAAJ&hl=fr,Adresse e-mail validée de skema.edu,https://scholar.googleusercontent.com/citations?view_op=view_photo&user=Fk4lMdsAAAAJ
Bernadette CHARLIER,Denise Van Dam,"chargée de cours, Université de Namur",https://scholar.google.com/citations?user=bFRgnQYAAAAJ&hl=fr,Adresse e-mail validée de unamur.be,https://scholar.googleusercontent.com/citations?view_op=view_photo&user=bFRgnQYAAAAJ
Bernadette CHARLIER,Bruno De Lièvre,Professeur à la Faculté de Psychologie et des Sciences de l'Education - Université de Mons,https://scholar.google.com/citations?user=QH4B0ecAAAAJ&hl=fr,Adresse e-mail validée de umons.ac.be,https://scholar.googleusercontent.com/citations?view_op=view_photo&user=QH4B0ecAAAAJ
Bernadette CHARLIER,Nicolas Coltice,"Géoazur, Université Côte d'Azur, France",https://scholar.google.com/citations?user=mVdlrlsAAAAJ&hl=fr,Adresse e-mail validée de oca.eu,https://scholar.googleusercontent.com/citations?view_op=view_photo&user=mVdlrlsAAAAJ
Bernadette CHARLIER,Denis Gillet,Ecole Polytechnique Fédérale de Lausanne (EPFL),https://scholar.google.com/citations?user=eDrc2o8AAAAJ&hl=fr,Adresse e-mail validée de epfl.ch,https://scholar.googleusercontent.com/citations?view_op=view_photo&user=eDrc2o8AAAAJ
Bernadette CHARLIER,Stéphanie Boéchat-Heer,"Professeure, HEP-BEJUNE, Bienne",https://scholar.google.com/citations?user=VxD8cOsAAAAJ&hl=fr,Adresse e-mail validée de hep-bejune.ch,https://scholar.googleusercontent.com/citations?view_op=view_photo&user=VxD8cOsAAAAJ
Nathalie Deschryver,,,,,
Khadija EL KHARKI,,,,,
Khadija EL KHARKI,Khalid BERRADA,UM5R Rabat,https://scholar.google.com/citations?user=_3QgtDcAAAAJ&hl=fr,Adresse e-mail validée de um5r.ac.ma,https://scholar.googleusercontent.com/citations?view_op=view_photo&user=_3QgtDcAAAAJ
Khadija EL KHARKI,Daniel Burgos,Universidad Internacional de La Rioja (UNIR),https://scholar.google.com/citations?user=1XqIM88AAAAJ&hl=fr,Adresse e-mail validée de unir.net,https://scholar.googleusercontent.com/citations?view_op=view_photo&user=1XqIM88AAAAJ
Khadija EL KHARKI,Rachid Bendaoud,Université Cadi Ayyad - Marrakech,https://scholar.google.com/citations?user=9rixKFEAAAAJ&hl=fr,Adresse e-mail validée de uca.ac.ma,https://scholar.googleusercontent.com/citations?view_op=view_photo&user=9rixKFEAAAAJ
Khadija EL KHARKI,MACHWATE,"PhD, Trans ERIE, FSSM, Cadi Ayyad University, Marrakech, Morocco",https://scholar.google.com/citations?user=01wHQ3IAAAAJ&hl=fr,Adresse e-mail validée de uca.ac.ma,https://scholar.googleusercontent.com/citations?view_op=view_photo&user=01wHQ3IAAAAJ
Khadija EL KHARKI,sofia margoum,"PhD student,  Cadi ayyad university",https://scholar.google.com/citations?user=Ca__kIMAAAAJ&hl=fr,Adresse e-mail validée de edu.uca.ac.ma,https://scholar.googleusercontent.com/citations?view_op=view_photo&user=Ca__kIMAAAAJ
Noureddine Samlak,,,,,
Daniel Burgos,,,,,
Daniel Burgos,Ahmed Tlili,"Associate Professor, Smart Learning Institute of Beijing Normal University",https://scholar.google.com/citations?user=xmF8jxoAAAAJ&hl=fr,Adresse e-mail validée de ieee.org,https://scholar.googleusercontent.com/citations?view_op=view_photo&user=xmF8jxoAAAAJ
Daniel Burgos,Fabio Nascimbeni,European Training Foundation,https://scholar.google.com/citations?user=Aan5FKQAAAAJ&hl=fr,Adresse e-mail validée de etf.europa.eu,https://scholar.googleusercontent.com/citations?view_op=view_photo&user=Aan5FKQAAAAJ
Daniel Burgos,Ronghuai Huang/黄荣怀,"Smart Learning Institute, Beijing Normal University",https://scholar.google.com/citations?user=LIWAM-UAAAAJ&hl=fr,Adresse e-mail validée de bnu.edu.cn,https://scholar.googleusercontent.com/citations?view_op=view_photo&user=LIWAM-UAAAAJ
Daniel Burgos,Pablo Moreno Ger,"Associate Professor of Computer Science, Universidad Internacional de La Rioja",https://scholar.google.com/citations?user=WwNemooAAAAJ&hl=fr,Adresse e-mail validée de unir.net,https://scholar.googleusercontent.com/citations?view_op=view_photo&user=WwNemooAAAAJ
Daniel Burgos,Ruben Gonzalez Crespo,"Professor of Computer Science and Artificial Intelligence, Universidad Internacional de La Rioja",https://scholar.google.com/citations?user=ZdMnNCMAAAAJ&hl=fr,Adresse e-mail validée de unir.net,https://scholar.googleusercontent.com/citations?view_op=view_photo&user=ZdMnNCMAAAAJ
Daniel Burgos,Alberto Corbi Bellot,Universidad Internacional de La Rioja,https://scholar.google.com/citations?user=kr5WpK0AAAAJ&hl=fr,Adresse e-mail validée de unir.net,https://scholar.googleusercontent.com/citations?view_op=view_photo&user=kr5WpK0AAAAJ
Zouhair Benkhaldoun,,,,,
Zouhair Benkhaldoun,michael Gillon,"University of Liege, Belgium",https://scholar.google.com/citations?user=wYhWmfsAAAAJ&hl=fr,Adresse e-mail validée de uliege.be,https://scholar.googleusercontent.com/citations?view_op=view_photo&user=wYhWmfsAAAAJ
Zouhair Benkhaldoun,Youssef Moulane,Postdoctoral Researcher at Auburn University,https://scholar.google.com/citations?user=g0IACyQAAAAJ&hl=fr,Adresse e-mail validée de auburn.edu,https://scholar.googleusercontent.com/citations?view_op=view_photo&user=g0IACyQAAAAJ
Zouhair Benkhaldoun,Ahmed Daassou,UCA - FPS - Safi- Morocco,https://scholar.google.com/citations?user=UM7MqT0AAAAJ&hl=fr,Adresse e-mail validée de uca.ma,https://scholar.googleusercontent.com/citations?view_op=view_photo&user=UM7MqT0AAAAJ
Zouhair Benkhaldoun,jean manfroid,,https://scholar.google.com/citations?user=7iwusJAAAAAJ&hl=fr,Adresse e-mail validée de uliege.be,https://scholar.googleusercontent.com/citations?view_op=view_photo&user=7iwusJAAAAAJ
Zouhair Benkhaldoun,Casiana Muñoz-Tuñon,"Senior Research , Instituto de Astrofísica de Canarias (IAC), Universidad de la Laguna (ULL)",https://scholar.google.com/citations?user=Vg7eMUsAAAAJ&hl=fr,Adresse e-mail validée de iac.es,https://scholar.googleusercontent.com/citations?view_op=view_photo&user=Vg7eMUsAAAAJ
Zouhair Benkhaldoun,Francisco J. Pozuelos,Instituto de Astrofísica de Andalucía-CSIC,https://scholar.google.com/citations?user=_MbZUzkAAAAJ&hl=fr,Adresse e-mail validée de iaa.es,https://scholar.googleusercontent.com/citations?view_op=view_photo&user=_MbZUzkAAAAJ
Zouhair Benkhaldoun,Dr. Artem Burdanov,Massachusetts Institute of Technology,https://scholar.google.com/citations?user=c00si0oAAAAJ&hl=fr,Adresse e-mail validée de mit.edu,https://scholar.googleusercontent.com/citations?view_op=view_photo&user=c00si0oAAAAJ
Zouhair Benkhaldoun,Jonathan Makela,University of Illinois at Urbana-Champaign,https://scholar.google.com/citations?user=bH2QApEAAAAJ&hl=fr,Adresse e-mail validée de illinois.edu,https://scholar.googleusercontent.com/citations?view_op=view_photo&user=bH2QApEAAAAJ
Zouhair Benkhaldoun,Mohamed Kaab,"Sultan Moulay Sliman University, National School of Applied Sciences Beni Mellal, Morocco",https://scholar.google.com/citations?user=NzpCSBUAAAAJ&hl=fr,Adresse e-mail validée de usms.ma,https://scholar.googleusercontent.com/citations?view_op=view_photo&user=NzpCSBUAAAAJ
Zouhair Benkhaldoun,L. Delrez,University of Cambridge,https://scholar.google.com/citations?user=-Xjd9pgAAAAJ&hl=fr,Adresse e-mail validée de cam.ac.uk,https://scholar.googleusercontent.com/citations?view_op=view_photo&user=-Xjd9pgAAAAJ
Zouhair Benkhaldoun,David Baratoux,Geosciences Environnement Toulouse,https://scholar.google.com/citations?user=MuiQ9U0AAAAJ&hl=fr,Adresse e-mail validée de ird.fr,https://scholar.googleusercontent.com/citations?view_op=view_photo&user=MuiQ9U0AAAAJ
Zouhair Benkhaldoun,Sylvain Bouley,"Professeur, GEOPS, IUF",https://scholar.google.com/citations?user=oihvppQAAAAJ&hl=fr,Adresse e-mail validée de u-psud.fr,https://scholar.googleusercontent.com/citations?view_op=view_photo&user=oihvppQAAAAJ
Zouhair Benkhaldoun,Youssef El Azhari,Centre National d'Innovation Prédagogique et d'Expérimentation,https://scholar.google.com/citations?user=8w5t-VQAAAAJ&hl=fr,Adresse e-mail validée de men.gov.ma,https://scholar.googleusercontent.com/citations?view_op=view_photo&user=8w5t-VQAAAAJ
Zouhair Benkhaldoun,Didier Queloz,University of Cambridge & ETH-Z,https://scholar.google.com/citations?user=S5HCm2oAAAAJ&hl=fr,Adresse e-mail validée de cam.ac.uk,https://scholar.googleusercontent.com/citations?view_op=view_photo&user=S5HCm2oAAAAJ
Zouhair Benkhaldoun,Jeremie Vaubaillon,Astronomer,https://scholar.google.com/citations?user=qZWv_A8AAAAJ&hl=fr,Adresse e-mail validée de imcce.fr,https://scholar.googleusercontent.com/citations?view_op=view_photo&user=qZWv_A8AAAAJ
Zouhair Benkhaldoun,Daniel J Fisher,University of Illinois at Urbana-Champaign,https://scholar.google.com/citations?user=O7HpSXUAAAAJ&hl=fr,Adresse e-mail validée de illinois.edu,https://scholar.googleusercontent.com/citations?view_op=view_photo&user=O7HpSXUAAAAJ
Zouhair Benkhaldoun,Amaury Triaud,"Professor for Exoplanetology, University of Birmingham",https://scholar.google.com/citations?user=kEMivs8AAAAJ&hl=fr,Adresse e-mail validée de bham.ac.uk,https://scholar.googleusercontent.com/citations?view_op=view_photo&user=kEMivs8AAAAJ
Zouhair Benkhaldoun,Elsa Ducrot,University of Liège,https://scholar.google.com/citations?user=BxdR6SAAAAAJ&hl=fr,Adresse e-mail validée de uliege.be,https://scholar.googleusercontent.com/citations?view_op=view_photo&user=BxdR6SAAAAAJ
Zouhair Benkhaldoun,F. L. SEFYANI,Professor Cadi Ayyad University Oukaimeden Astronomical Observatory Morocco,https://scholar.google.com/citations?user=LOxLzcwAAAAJ&hl=fr,Adresse e-mail validée de uca.ma,https://scholar.googleusercontent.com/citations?view_op=view_photo&user=LOxLzcwAAAAJ
Zouhair Benkhaldoun,Romain G. Petrov,"Lagrange Laboratory, Université de la Côte d'Azur, CNRS, Observatoire de la Côte d'Azur",https://scholar.google.com/citations?user=4DfZdvEAAAAJ&hl=fr,Adresse e-mail validée de unice.fr,https://scholar.googleusercontent.com/citations?view_op=view_photo&user=4DfZdvEAAAAJ
Moulay Othman Idrissi Fakhreddine,,,,,
Zakaria KNIDIRI,,,,,
Abdelkhaleq AFIRI,,,,,
Abdelkhaleq AFIRI,essaifi abderrahim,Cadi Ayyad university,https://scholar.google.com/citations?user=pxoHYe0AAAAJ&hl=fr,Adresse e-mail validée de uca.ma,https://scholar.googleusercontent.com/citations?view_op=view_photo&user=pxoHYe0AAAAJ
Abdelkhaleq AFIRI,Pavel Pitra,Géosciences Rennes,https://scholar.google.com/citations?user=7Rvx_IgAAAAJ&hl=fr,Adresse e-mail validée de univ-rennes1.fr,https://scholar.googleusercontent.com/citations?view_op=view_photo&user=7Rvx_IgAAAAJ
Abdelkhaleq AFIRI,Frédéric GUEYDAN,Université Montpellier,https://scholar.google.com/citations?user=CPdlVMMAAAAJ&hl=fr,Adresse e-mail validée de umontpellier.fr,https://scholar.googleusercontent.com/citations?view_op=view_photo&user=CPdlVMMAAAAJ
Abdelkhaleq AFIRI,Jacques Précigout,"ISTO, Université d'Orléans",https://scholar.google.com/citations?user=669WKOAAAAAJ&hl=fr,Adresse e-mail validée de univ-orleans.fr,https://scholar.googleusercontent.com/citations?view_op=view_photo&user=669WKOAAAAAJ
Abdelkhaleq AFIRI,Jean-Louis Paquette,Laboratoire Magmas & Volcans Clermont-Ferrand,https://scholar.google.com/citations?user=zX_juT8AAAAJ&hl=fr,Adresse e-mail validée de cegetel.net,https://scholar.googleusercontent.com/citations?view_op=view_photo&user=zX_juT8AAAAJ
Abdelkhaleq AFIRI,POUJOL Marc,"Université Rennes 1, France",https://scholar.google.com/citations?user=tQznLK8AAAAJ&hl=fr,Adresse e-mail validée de univ-rennes1.fr,https://scholar.googleusercontent.com/citations?view_op=view_photo&user=tQznLK8AAAAJ
Youssef El Azhari,,,,,
Youssef El Azhari,Zouhair Benkhaldoun,"Oukaimeden Observatory, Cadi Ayyad University, Université Cadi Ayyad, Morocco",https://scholar.google.com/citations?user=vnoOQ84AAAAJ&hl=fr,Adresse e-mail validée de uca.ac.ma,https://scholar.googleusercontent.com/citations?view_op=view_photo&user=vnoOQ84AAAAJ
Youssef El Azhari,Amin Bennouna,Cadi Ayyad University - Faculty of Sciences Semlalia Marrakesh,https://scholar.google.com/citations?user=IdWaikoAAAAJ&hl=fr,Adresse e-mail validée de uca.ac.ma,https://scholar.googleusercontent.com/citations?view_op=view_photo&user=IdWaikoAAAAJ
Youssef El Azhari,Abdelkader Outzourhit,Université Cadi Ayyad,https://scholar.google.com/citations?user=M8rw3ecAAAAJ&hl=fr,Adresse e-mail validée de uca.ma,https://scholar.googleusercontent.com/citations?view_op=view_photo&user=M8rw3ecAAAAJ
Youssef El Azhari,Rémi Soummer,Space Telescope Science Institute,https://scholar.google.com/citations?user=pD_wOyoAAAAJ&hl=fr,Adresse e-mail validée de stsci.edu,https://scholar.googleusercontent.com/citations?view_op=view_photo&user=pD_wOyoAAAAJ
Youssef El Azhari,Abdessamad MALAOUI,Sultan Moulay Slimane University,https://scholar.google.com/citations?user=rt7WuFoAAAAJ&hl=fr,Adresse e-mail validée de usms.ma,https://scholar.googleusercontent.com/citations?view_op=view_photo&user=rt7WuFoAAAAJ
Youssef El Azhari,Abderahmane Soubkiou,"Cadi Ayyad University, Oukaimeden Observatory, High Energy Physics and Astrophysics Laboratory",https://scholar.google.com/citations?user=pXPprSQAAAAJ&hl=fr,Adresse e-mail validée de ced.uca.ma,https://scholar.googleusercontent.com/citations?view_op=view_photo&user=pXPprSQAAAAJ
Essaid El Bachari,,,,,
Essaid El Bachari,Outmane Bourkoukou,Cadi Ayyad University,https://scholar.google.com/citations?user=gQzHCEYAAAAJ&hl=fr,Adresse e-mail validée de ced.uca.ma,https://scholar.googleusercontent.com/citations?view_op=view_photo&user=gQzHCEYAAAAJ
Essaid El Bachari,El Hassan ABDELWAHED,"Full Professor - Computer Science Department, Computer Engineering Laboratory (LISI), Cadi Ayyad",https://scholar.google.com/citations?user=M4bEybAAAAAJ&hl=fr,Adresse e-mail validée de uca.ac.ma,https://scholar.googleusercontent.com/citations?view_op=view_photo&user=M4bEybAAAAAJ
Outmane Bourkoukou,,,,,
El Hassan ABDELWAHED,,,,,
El Hassan ABDELWAHED,Sara Qassimi,"Laboratory L2IS, UCA",https://scholar.google.com/citations?user=eKLgXfEAAAAJ&hl=fr,Adresse e-mail validée de uca.ac.ma,https://scholar.googleusercontent.com/citations?view_op=view_photo&user=eKLgXfEAAAAJ
El Hassan ABDELWAHED,Rachid Lamrani,PhD Researcher & UX/UI Designer,https://scholar.google.com/citations?user=52O0cbMAAAAJ&hl=fr,Adresse e-mail validée de ced.uca.ac.ma,https://scholar.googleusercontent.com/citations?view_op=view_photo&user=52O0cbMAAAAJ
El Hassan ABDELWAHED,Essaid El Bachari,professor of computer science,https://scholar.google.com/citations?user=ZAxOomkAAAAJ&hl=fr,Adresse e-mail validée de uca.ac.ma,https://scholar.googleusercontent.com/citations?view_op=view_photo&user=ZAxOomkAAAAJ
El Hassan ABDELWAHED,Karim Baïna,"Full Prof. of Comp. Sc. at ENSIAS, Mohammed V Uni in Rabat, Morocco",https://scholar.google.com/citations?user=tRtXdkEAAAAJ&hl=fr,Adresse e-mail validée de um5.ac.ma,https://scholar.googleusercontent.com/citations?view_op=view_photo&user=tRtXdkEAAAAJ
El Hassan ABDELWAHED,Djamal BENSLIMANE,"Professor, Computer science, Lyon 1 University",https://scholar.google.com/citations?user=VQXU5TcAAAAJ&hl=fr,Adresse e-mail validée de univ-lyon1.fr,https://scholar.googleusercontent.com/citations?view_op=view_photo&user=VQXU5TcAAAAJ
El Hassan ABDELWAHED,Kokou YETONGNON,"Professor of Computer Science, University of Bourgogne",https://scholar.google.com/citations?user=rpXJ0HQAAAAJ&hl=fr,Adresse e-mail validée de u-bourgogne.fr,https://scholar.googleusercontent.com/citations?view_op=view_photo&user=rpXJ0HQAAAAJ
El Hassan ABDELWAHED,Oussama HASIDI,"Eng. Ph.D Researcher,  Analytics Lab, UM6P-MAScIR-Cadi Ayyad University",https://scholar.google.com/citations?user=bBu6HBUAAAAJ&hl=fr,Adresse e-mail validée de ced.uca.ma,https://scholar.googleusercontent.com/citations?view_op=view_photo&user=bBu6HBUAAAAJ
El Hassan ABDELWAHED,Aimad QAZDAR,National School of Applied Science - Ibn Zohr University - Agadir,https://scholar.google.com/citations?user=APxOKe0AAAAJ&hl=fr,Adresse e-mail validée de uiz.ac.ma,https://scholar.googleusercontent.com/citations?view_op=view_photo&user=APxOKe0AAAAJ
El Hassan ABDELWAHED,Ahmed Bendaouia,PhD @ Moroccan foundation for advanced science innovation and research,https://scholar.google.com/citations?user=_yjMMRQAAAAJ&hl=fr,Adresse e-mail validée de edu.uca.ac.ma,https://scholar.googleusercontent.com/citations?view_op=view_photo&user=_yjMMRQAAAAJ
El Hassan ABDELWAHED,salah baina,Ecole Nationale Supérieure d'Informatique et Analyse des Systèmes,https://scholar.google.com/citations?user=Hb6gjowAAAAJ&hl=fr,Adresse e-mail validée de um5.ac.ma,https://scholar.googleusercontent.com/citations?view_op=view_photo&user=Hb6gjowAAAAJ
El Hassan ABDELWAHED,Eric LECLERCQ,"Professor of Computer Science, Université de Bourgogne",https://scholar.google.com/citations?user=ZLRGPkIAAAAJ&hl=fr,Adresse e-mail validée de u-bourgogne.fr,https://scholar.googleusercontent.com/citations?view_op=view_photo&user=ZLRGPkIAAAAJ
El Hassan ABDELWAHED,Mohamed Imam,"Phd Candidate in Comp. Vision & AI at ENSIAS, Mohammed V Univ in Rabat & MAScIR",https://scholar.google.com/citations?user=Wiu-_RoAAAAJ&hl=fr,Adresse e-mail validée de um5.ac.ma,https://scholar.googleusercontent.com/citations?view_op=view_photo&user=Wiu-_RoAAAAJ
El Hassan ABDELWAHED,Carlos Ordonez,"Department of Computer Science, University of Houston",https://scholar.google.com/citations?user=W9YkIcoAAAAJ&hl=fr,Adresse e-mail validée de central.uh.edu,https://scholar.googleusercontent.com/citations?view_op=view_photo&user=W9YkIcoAAAAJ
El Hassan ABDELWAHED,Stéphane Jean,LIAS/ENSMA and University of Poitiers,https://scholar.google.com/citations?user=A_Wy0jMAAAAJ&hl=fr,Adresse e-mail validée de ensma.fr,https://scholar.googleusercontent.com/citations?view_op=view_photo&user=A_Wy0jMAAAAJ
El Hassan ABDELWAHED,Dominique Méry,"Professor of Computer Science, University of Lorraine",https://scholar.google.com/citations?user=S7H-l5UAAAAJ&hl=fr,Adresse e-mail validée de univ-lorraine.fr,https://scholar.googleusercontent.com/citations?view_op=view_photo&user=S7H-l5UAAAAJ
El Hassan ABDELWAHED,Matteo Golfarelli,DISI - University of Bologna,https://scholar.google.com/citations?user=tVjgjZsAAAAJ&hl=fr,Adresse e-mail validée de unibo.it,https://scholar.googleusercontent.com/citations?view_op=view_photo&user=tVjgjZsAAAAJ
El Hassan ABDELWAHED,Ladjel Bellatreche,Laboratory LIAS @ ISAE-ENSMA,https://scholar.google.com/citations?user=6HBNiAIAAAAJ&hl=fr,Adresse e-mail validée de ensma.fr,https://scholar.googleusercontent.com/citations?view_op=view_photo&user=6HBNiAIAAAAJ
El Hassan ABDELWAHED,Outmane Bourkoukou,Cadi Ayyad University,https://scholar.google.com/citations?user=gQzHCEYAAAAJ&hl=fr,Adresse e-mail validée de ced.uca.ma,https://scholar.googleusercontent.com/citations?view_op=view_photo&user=gQzHCEYAAAAJ
Hamid KADDAMI,,,,,
Brahim Bouali,,,,,
Soulaimani Abderrahmane,,,,,
Soulaimani Abderrahmane,Nasrrddine Youbi,"Professor, (1) Cadi Ayyad University, Morocco; and (2) Tomsk State Univeristy, Russia",https://scholar.google.com/citations?user=ZNcoZLoAAAAJ&hl=fr,Adresse e-mail validée de uca.ac.ma,https://scholar.googleusercontent.com/citations?view_op=view_photo&user=ZNcoZLoAAAAJ
Soulaimani Abderrahmane,Lahssen Baidder,Departement de Géologie Faculté des Sciences Ain Chock Casablanca,https://scholar.google.com/citations?user=Hj70sDMAAAAJ&hl=fr,Adresse e-mail validée de etu.univh2c.ma,https://scholar.googleusercontent.com/citations?view_op=view_photo&user=Hj70sDMAAAAJ
Soulaimani Abderrahmane,Richard E. Ernst,"(1) Carleton University, Canada;  and (2) Tomsk State Univeristy, Russia",https://scholar.google.com/citations?user=MVgMw54AAAAJ&hl=fr,Adresse e-mail validée de ErnstGeosciences.com,https://scholar.googleusercontent.com/citations?view_op=view_photo&user=MVgMw54AAAAJ
Soulaimani Abderrahmane,Ulf Söderlund,"Professor of Geology, Department of Geology, Lund University, Sweden",https://scholar.google.com/citations?user=LJa7lccAAAAJ&hl=fr,Adresse e-mail validée de geol.lu.se,https://scholar.googleusercontent.com/citations?view_op=view_photo&user=LJa7lccAAAAJ
Soulaimani Abderrahmane,Dominique GASQUET,Université Savoie Mont Blanc,https://scholar.google.com/citations?user=9d4u3kIAAAAJ&hl=fr,Adresse e-mail validée de univ-smb.fr,https://scholar.googleusercontent.com/citations?view_op=view_photo&user=9d4u3kIAAAAJ
Soulaimani Abderrahmane,Brian Cousens,Professor of Igneous Petrology and Geochemistry,https://scholar.google.com/citations?user=t8DRQgEAAAAJ&hl=fr,Adresse e-mail validée de carleton.ca,https://scholar.googleusercontent.com/citations?view_op=view_photo&user=t8DRQgEAAAAJ
Soulaimani Abderrahmane,Thierry BAUDIN,"Geologist, BRGM",https://scholar.google.com/citations?user=CyqLTl4AAAAJ&hl=fr,Adresse e-mail validée de brgm.fr,https://scholar.googleusercontent.com/citations?view_op=view_photo&user=CyqLTl4AAAAJ
Soulaimani Abderrahmane,Hervé Bertrand,Université de Lyon   Ecole Normale Supérieure de Lyon,https://scholar.google.com/citations?user=mjt7W1sAAAAJ&hl=fr,Adresse e-mail validée de ens-lyon.fr,https://scholar.googleusercontent.com/citations?view_op=view_photo&user=mjt7W1sAAAAJ
Soulaimani Abderrahmane,Kevin Hefferan,Massachusetts Maritime Academy,https://scholar.google.com/citations?user=GdxwfpAAAAAJ&hl=fr,Adresse e-mail validée de maritime.edu,https://scholar.googleusercontent.com/citations?view_op=view_photo&user=GdxwfpAAAAAJ
Soulaimani Abderrahmane,Mustapha EL GHORFI,Professeur de Géochimie Métallogénie Université cadi Ayyad,https://scholar.google.com/citations?user=5mHQOQk-kREC&hl=fr,Adresse e-mail validée de uca.ac.ma,https://scholar.googleusercontent.com/citations?view_op=view_photo&user=5mHQOQk-kREC
Soulaimani Abderrahmane,Saïd Ilmen,"Professeur de métallogénie, Faculté Polydisciplinaire de Ouarzazate, Université Ibn Zohr",https://scholar.google.com/citations?user=kXjt7YAAAAAJ&hl=fr,Adresse e-mail validée de uiz.ac.ma,https://scholar.googleusercontent.com/citations?view_op=view_photo&user=kXjt7YAAAAAJ
Soulaimani Abderrahmane,Mohammed Jaffal,"Cadi Ayyad University, Marrakech, Morocco",https://scholar.google.com/citations?user=z8owEzkAAAAJ&hl=fr,Adresse e-mail validée de uca.ma,https://scholar.googleusercontent.com/citations?view_op=view_photo&user=z8owEzkAAAAJ
Soulaimani Abderrahmane,Khalid Amrouch,Geology & Sustainable Mining Institute,https://scholar.google.com/citations?user=MhA37fAAAAAJ&hl=fr,Adresse e-mail validée de um6p.ma,https://scholar.googleusercontent.com/citations?view_op=view_photo&user=MhA37fAAAAAJ
Soulaimani Abderrahmane,olivier Blein,BRGM,https://scholar.google.com/citations?user=TL-mWt8AAAAJ&hl=fr,Adresse e-mail validée de brgm.fr,https://scholar.googleusercontent.com/citations?view_op=view_photo&user=TL-mWt8AAAAJ
Soulaimani Abderrahmane,Nour-Eddine Laftouhi,"Professeur d'Hydrologie et d'Hydrogéologie , Université Cadi Ayyad de Marrakech",https://scholar.google.com/citations?user=xwa4RFkAAAAJ&hl=fr,Adresse e-mail validée de uca.ma,https://scholar.googleusercontent.com/citations?view_op=view_photo&user=xwa4RFkAAAAJ
Soulaimani Abderrahmane,Scott Samson,"Professor of Earth Sciences, Syracuse University",https://scholar.google.com/citations?user=PrAN2XAAAAAJ&hl=fr,Adresse e-mail validée de syr.edu,https://scholar.googleusercontent.com/citations?view_op=view_photo&user=PrAN2XAAAAAJ
Soulaimani Abderrahmane,Jean-Paul Liégeois,Royal Museum for Central Africa,https://scholar.google.com/citations?user=UvLt2PQAAAAJ&hl=fr,Adresse e-mail validée de africamuseum.be,https://scholar.googleusercontent.com/citations?view_op=view_photo&user=UvLt2PQAAAAJ
Soulaimani Abderrahmane,ENNIH NASSER,Professeur de Géologie,https://scholar.google.com/citations?user=fo7w48sAAAAJ&hl=fr,Adresse e-mail validée de ucd.ac.ma,https://scholar.googleusercontent.com/citations?view_op=view_photo&user=fo7w48sAAAAJ
Soulaimani Abderrahmane,M'hamed EL JANATI,"Professeur de Géologie économique, Faculté des sciences, Université de Mohammed V",https://scholar.google.com/citations?user=o5Wjv_IAAAAJ&hl=fr,Adresse e-mail validée de um5r.ac.ma,https://scholar.googleusercontent.com/citations?view_op=view_photo&user=o5Wjv_IAAAAJ
Soulaimani Abderrahmane,Hassan IBOUH,Professeur de Géologie,https://scholar.google.com/citations?user=Ldj80u0AAAAJ&hl=fr,Adresse e-mail validée de uca.ma,https://scholar.googleusercontent.com/citations?view_op=view_photo&user=Ldj80u0AAAAJ
Bertrand Lefebvre,,,,,
Bertrand Lefebvre,Elise Nardin,Géosciences Environnement Toulouse - CNRS,https://scholar.google.com/citations?user=NcuapW8AAAAJ&hl=fr,Adresse e-mail validée de cnrs.fr,https://scholar.googleusercontent.com/citations?view_op=view_photo&user=NcuapW8AAAAJ
Bertrand Lefebvre,Bernard Pittet,"Maître de conférences, Université Lyon 1",https://scholar.google.com/citations?user=JvpGiC8AAAAJ&hl=fr,Adresse e-mail validée de univ-lyon1.fr,https://scholar.googleusercontent.com/citations?view_op=view_photo&user=JvpGiC8AAAAJ
Bertrand Lefebvre,Martina Nohejlová,Czech Geological Survey,https://scholar.google.com/citations?user=mIO5cHcAAAAJ&hl=fr,Adresse e-mail validée de geology.cz,https://scholar.googleusercontent.com/citations?view_op=view_photo&user=mIO5cHcAAAAJ
Bertrand Lefebvre,Rich Mooi,California Academy of Sciences,https://scholar.google.com/citations?user=KDxqxAIAAAAJ&hl=fr,Adresse e-mail validée de calacademy.org,https://scholar.googleusercontent.com/citations?view_op=view_photo&user=KDxqxAIAAAAJ
Bertrand Lefebvre,Bruno DAVID,Muséum national d'histoire naturelle - CNRS,https://scholar.google.com/citations?user=sIb4k-AAAAAJ&hl=fr,Adresse e-mail validée de u-bourgogne.fr,https://scholar.googleusercontent.com/citations?view_op=view_photo&user=sIb4k-AAAAAJ
Bertrand Lefebvre,Farid Saleh,University of Lausanne,https://scholar.google.com/citations?user=IyAm_ywAAAAJ&hl=fr,Adresse e-mail validée de unil.ch,https://scholar.googleusercontent.com/citations?view_op=view_photo&user=IyAm_ywAAAAJ
Bertrand Lefebvre,Aaron W. Hunter,University of Cambridge,https://scholar.google.com/citations?user=QPl1Cf4AAAAJ&hl=fr,Adresse e-mail validée de cam.ac.uk,https://scholar.googleusercontent.com/citations?view_op=view_photo&user=QPl1Cf4AAAAJ
Bertrand Lefebvre,Romain Vaucher,"PhD, Research Associate, Department of Earth Sciences, University of Geneva",https://scholar.google.com/citations?user=bzjdRtAAAAAJ&hl=fr,Adresse e-mail validée de unige.ch,https://scholar.googleusercontent.com/citations?view_op=view_photo&user=bzjdRtAAAAAJ
Bertrand Lefebvre,Oldřich Fatka,"Professor of Palaeontology, Charles University, Prague",https://scholar.google.com/citations?user=JnatfxEAAAAJ&hl=fr,Adresse e-mail validée de natur.cuni.cz,https://scholar.googleusercontent.com/citations?view_op=view_photo&user=JnatfxEAAAAJ
Younes Bahammou,,,,,
HAMZA LAMSYEHE,,,,,
Zakaria Tagnamas,,,,,
Zakaria Tagnamas,Younes Bahammou,Energy Engineering & Technology / Civil Engineering,https://scholar.google.com/citations?user=No5yzNkAAAAJ&hl=fr,Adresse e-mail validée de edu.uca.ma,https://scholar.googleusercontent.com/citations?view_op=view_photo&user=No5yzNkAAAAJ
Zakaria Tagnamas,Haytem Moussaoui,"Team of Solar Energy and Medicinal Plants, Teacher’s Training College, Cadi Ayyad University, BP",https://scholar.google.com/citations?user=42z0FkUAAAAJ&hl=fr,Adresse e-mail validée de ced.uca.ma,https://scholar.googleusercontent.com/citations?view_op=view_photo&user=42z0FkUAAAAJ
Zakaria Tagnamas,HAMZA LAMSYEHE,Cadi Ayyad University,https://scholar.google.com/citations?user=lGMB3NcAAAAJ&hl=fr,Adresse e-mail validée de edu.uca.ac.ma,https://scholar.googleusercontent.com/citations?view_op=view_photo&user=lGMB3NcAAAAJ
Gilles Celeux,,,,,
Gilles Celeux,Andrea Rau,"Senior research scientist, INRAE",https://scholar.google.com/citations?user=9__bzfgAAAAJ&hl=fr,Adresse e-mail validée de inrae.fr,https://scholar.googleusercontent.com/citations?view_op=view_photo&user=9__bzfgAAAAJ
Gilles Celeux,Cathy Maugis,"Institut de Mathématiques de Toulouse,  INSA Toulouse",https://scholar.google.com/citations?user=y9RLVecAAAAJ&hl=fr,Adresse e-mail validée de insa-toulouse.fr,https://scholar.googleusercontent.com/citations?view_op=view_photo&user=y9RLVecAAAAJ
Gilles Celeux,Merrilee Hurn,University of Bath,https://scholar.google.com/citations?user=0dLxbjsAAAAJ&hl=fr,Adresse e-mail validée de bath.ac.uk,https://scholar.googleusercontent.com/citations?view_op=view_photo&user=0dLxbjsAAAAJ
Gilles Celeux,Stéphane Chrétien,"Dean of ASSP Faculty and Full professor of Statistics and Machine Learning, University of Lyon 2",https://scholar.google.com/citations?user=T8vcOB4AAAAJ&hl=fr,Adresse e-mail validée de univ-lyon2.fr,https://scholar.googleusercontent.com/citations?view_op=view_photo&user=T8vcOB4AAAAJ
Gilles Celeux,Jacinto C. Nascimento,"Institute for Systems and Robotics (ISR/IST), LARSyS, Instituto Superior Técnico",https://scholar.google.com/citations?user=9bMPdwoAAAAJ&hl=fr,Adresse e-mail validée de isr.ist.utl.pt,https://scholar.googleusercontent.com/citations?view_op=view_photo&user=9bMPdwoAAAAJ
Stéphane Chrétien,,,,,
Stéphane Chrétien,Christophe Guyeux,"Femto-ST Institute, Université de Bourgogne Franche-Comté, France",https://scholar.google.com/citations?user=ebdFNfYAAAAJ&hl=fr,Adresse e-mail validée de univ-fcomte.fr,https://scholar.googleusercontent.com/citations?view_op=view_photo&user=ebdFNfYAAAAJ
Stéphane Chrétien,Alfred Hero,"John H Holland Distinguished University Professor, University of Michigan",https://scholar.google.com/citations?user=DSiNzkIAAAAJ&hl=fr,Adresse e-mail validée de eecs.umich.edu,https://scholar.googleusercontent.com/citations?view_op=view_photo&user=DSiNzkIAAAAJ
Stéphane Chrétien,Jean-Marc Nicod,"professeur d'informatique, ENSMM Besançon",https://scholar.google.com/citations?user=h5IgsNwAAAAJ&hl=fr,Adresse e-mail validée de ens2m.fr,https://scholar.googleusercontent.com/citations?view_op=view_photo&user=h5IgsNwAAAAJ
Stéphane Chrétien,franck corset,"Associate Professor, Université Grenoble Alpes, LJK, UMR 5224",https://scholar.google.com/citations?user=nF0FcfMAAAAJ&hl=fr,Adresse e-mail validée de univ-grenoble-alpes.fr,https://scholar.googleusercontent.com/citations?view_op=view_photo&user=nF0FcfMAAAAJ
Stéphane Chrétien,Florence Forbes,"Director of Research, INRIA, Grenoble Rhone-Alpes",https://scholar.google.com/citations?user=SO9ES3cAAAAJ&hl=fr,Adresse e-mail validée de inria.fr,https://scholar.googleusercontent.com/citations?view_op=view_photo&user=SO9ES3cAAAAJ
Stéphane Chrétien,Gilles Celeux,Directeur de recherche Inria,https://scholar.google.com/citations?user=dl3nPvwAAAAJ&hl=fr,Adresse e-mail validée de inria.fr,https://scholar.googleusercontent.com/citations?view_op=view_photo&user=dl3nPvwAAAAJ
Stéphane Chrétien,Françoise Descotes,hospices civils de lyon,https://scholar.google.com/citations?user=79Mt-bYAAAAJ&hl=fr,Adresse e-mail validée de chu-lyon.fr,https://scholar.googleusercontent.com/citations?view_op=view_photo&user=79Mt-bYAAAAJ
Stéphane Chrétien,Daniel Brunner,"CNRS researcher, FEMTO-ST, Optics department, Besancon",https://scholar.google.com/citations?user=2AJb1j0AAAAJ&hl=fr,Adresse e-mail validée de femto-st.fr,https://scholar.googleusercontent.com/citations?view_op=view_photo&user=2AJb1j0AAAAJ
Stéphane Chrétien,Nathalie HERR,PhD in Computer Science,https://scholar.google.com/citations?user=ZWheNyMAAAAJ&hl=fr,Adresse e-mail validée de femto-st.fr,https://scholar.googleusercontent.com/citations?view_op=view_photo&user=ZWheNyMAAAAJ
Stéphane Chrétien,Christophe Varnier,ENSMM - FEMTO-ST institute,https://scholar.google.com/citations?user=a1gDBjUAAAAJ&hl=fr,Adresse e-mail validée de ens2m.fr,https://scholar.googleusercontent.com/citations?view_op=view_photo&user=a1gDBjUAAAAJ
Stéphane Chrétien,Christophe Biernacki,University Lille 1,https://scholar.google.com/citations?user=J1CxrbIAAAAJ&hl=fr,Adresse e-mail validée de math.univ-lille1.fr,https://scholar.googleusercontent.com/citations?view_op=view_photo&user=J1CxrbIAAAAJ
Stéphane Chrétien,Jacques Bahi,University of Franche-Comte. Femto Institute (https://www.femto-st.fr/en),https://scholar.google.com/citations?user=Wni6f-8AAAAJ&hl=fr,Adresse e-mail validée de univ-fcomte.fr,https://scholar.googleusercontent.com/citations?view_op=view_photo&user=Wni6f-8AAAAJ
Stéphane Chrétien,louis Andréoli,"FEMTO-ST Institute, Université de Bourgogne Franche-Comté",https://scholar.google.com/citations?user=D4VpkQoAAAAJ&hl=fr,Adresse e-mail validée de femto-st.fr,https://scholar.googleusercontent.com/citations?view_op=view_photo&user=D4VpkQoAAAAJ
Stéphane Chrétien,Laurent Larger,"FEMTO-ST, University of Franche-Comté, Physics professor",https://scholar.google.com/citations?user=yX0Xxn8AAAAJ&hl=fr,Adresse e-mail validée de univ-fcomte.fr,https://scholar.googleusercontent.com/citations?view_op=view_photo&user=yX0Xxn8AAAAJ
Stéphane Chrétien,Maxime Jacquot,"Professor at UFC, Université Bourgogne Franche-Comté & CNRS, FEMTO-ST institute",https://scholar.google.com/citations?user=jfXLXokAAAAJ&hl=fr,Adresse e-mail validée de univ-fcomte.fr,https://scholar.googleusercontent.com/citations?view_op=view_photo&user=jfXLXokAAAAJ
Stéphane Chrétien,Wenjuan sun,National Physical Laboratory,https://scholar.google.com/citations?user=fCEP9D8AAAAJ&hl=fr,Adresse e-mail validée de npl.co.uk,https://scholar.googleusercontent.com/citations?view_op=view_photo&user=fCEP9D8AAAAJ
Stéphane Chrétien,Adrien Faivre,"Université Bourgogne Franche-Comté, LMB UMR 6623 CNRS-UFC",https://scholar.google.com/citations?user=Z2D8aFMAAAAJ&hl=fr,Adresse e-mail validée de univ-fcomte.fr,https://scholar.googleusercontent.com/citations?view_op=view_photo&user=Z2D8aFMAAAAJ
Stéphane Chrétien,Basad  Al-Sarray,PhD in Mathematical Statistics-University of Baghdad-College of Science -Computer Science Department,https://scholar.google.com/citations?user=g85s2sMAAAAJ&hl=fr,Adresse e-mail validée de sc.uobaghdad.edu.iq,https://scholar.googleusercontent.com/citations?view_op=view_photo&user=g85s2sMAAAAJ
Stéphane Chrétien,Xavier Porte,"Chancellor's Fellow, Institute of Photonics, University of Strathclyde",https://scholar.google.com/citations?user=LOwYXfwAAAAJ&hl=fr,Adresse e-mail validée de strath.ac.uk,https://scholar.googleusercontent.com/citations?view_op=view_photo&user=LOwYXfwAAAAJ
Stéphane Chrétien,Ivan Rungger,National Physical Laboratory,https://scholar.google.com/citations?user=71zOdlsAAAAJ&hl=fr,Adresse e-mail validée de npl.co.uk,https://scholar.googleusercontent.com/citations?view_op=view_photo&user=71zOdlsAAAAJ
Florence Forbes,,,,,
Florence Forbes,Radu Patrice Horaud,Emeritus (since October 2022) at Inria Grenoble,https://scholar.google.com/citations?user=Lvit5RIAAAAJ&hl=fr,Adresse e-mail validée de inria.fr,https://scholar.googleusercontent.com/citations?view_op=view_photo&user=Lvit5RIAAAAJ
Florence Forbes,Philippe Ciuciu,CEA Fellow & Research Director (CEA/NeuroSpin and Inria MIND),https://scholar.google.com/citations?user=X-w36z8AAAAJ&hl=fr,Adresse e-mail validée de cea.fr,https://scholar.googleusercontent.com/citations?view_op=view_photo&user=X-w36z8AAAAJ
Florence Forbes,thomas VINCENT,"EPIC Center, Montreal Heart Institute, Montréal",https://scholar.google.com/citations?user=Kko2l6gAAAAJ&hl=fr,Adresse e-mail validée de icm-mhi.org,https://scholar.googleusercontent.com/citations?view_op=view_photo&user=Kko2l6gAAAAJ
Florence Forbes,Gilles Celeux,Directeur de recherche Inria,https://scholar.google.com/citations?user=dl3nPvwAAAAJ&hl=fr,Adresse e-mail validée de inria.fr,https://scholar.googleusercontent.com/citations?view_op=view_photo&user=dl3nPvwAAAAJ
Florence Forbes,Lotfi Chaari,"Associate professor HDR, University of Toulouse - INP",https://scholar.google.com/citations?user=bUpOvkgAAAAJ&hl=fr,Adresse e-mail validée de toulouse-inp.fr,https://scholar.googleusercontent.com/citations?view_op=view_photo&user=bUpOvkgAAAAJ
Florence Forbes,Benoit Scherrer,Harvard Medical School,https://scholar.google.com/citations?user=XKJodHcAAAAJ&hl=fr,Adresse e-mail validée de childrens.harvard.edu,https://scholar.googleusercontent.com/citations?view_op=view_photo&user=XKJodHcAAAAJ
Florence Forbes,Antoine Deleforge,Inria Nancy - Grand Est,https://scholar.google.com/citations?user=s7TQp00AAAAJ&hl=fr,Adresse e-mail validée de inria.fr,https://scholar.googleusercontent.com/citations?view_op=view_photo&user=s7TQp00AAAAJ
Florence Forbes,Olivier Francois,"Ensimag, Univ. Grenoble Alpes",https://scholar.google.com/citations?user=3QCIL0cAAAAJ&hl=fr,Adresse e-mail validée de imag.fr,https://scholar.googleusercontent.com/citations?view_op=view_photo&user=3QCIL0cAAAAJ
Florence Forbes,garbay,"research director, CNRS",https://scholar.google.com/citations?user=1xkIfvUAAAAJ&hl=fr,Adresse e-mail validée de imag.fr,https://scholar.googleusercontent.com/citations?view_op=view_photo&user=1xkIfvUAAAAJ
Florence Forbes,Stéphane Girard,"Inria, France",https://scholar.google.com/citations?user=xvXi9_8AAAAJ&hl=fr,Adresse e-mail validée de inrialpes.fr,https://scholar.googleusercontent.com/citations?view_op=view_photo&user=xvXi9_8AAAAJ
Florence Forbes,Vasil Khalidov,Meta AI,https://scholar.google.com/citations?user=tjazz3AAAAAJ&hl=fr,Adresse e-mail validée de meta.com,https://scholar.googleusercontent.com/citations?view_op=view_photo&user=tjazz3AAAAAJ
Florence Forbes,Christian Robert,"Université Paris Dauphine, PSL & University of Warwick",https://scholar.google.com/citations?user=g_q39ZUAAAAJ&hl=fr,Adresse e-mail validée de ceremade.dauphine.fr,https://scholar.googleusercontent.com/citations?view_op=view_photo&user=g_q39ZUAAAAJ
Florence Forbes,Xavier Alameda-Pineda,"Research Scientist, Leader of the RobotLearn Team, Inria",https://scholar.google.com/citations?user=ukI2bz8AAAAJ&hl=fr,Adresse e-mail validée de inria.fr,https://scholar.googleusercontent.com/citations?view_op=view_photo&user=ukI2bz8AAAAJ
Florence Forbes,Miles Hansard,"Senior Lecturer, Queen Mary, University of London",https://scholar.google.com/citations?user=u72ezG8AAAAJ&hl=fr,Adresse e-mail validée de qmul.ac.uk,https://scholar.googleusercontent.com/citations?view_op=view_photo&user=u72ezG8AAAAJ
Florence Forbes,Kai (Alex) Qin,Swinburne University of Technology,https://scholar.google.com/citations?user=d1NlnjQAAAAJ&hl=fr,Adresse e-mail validée de swin.edu.au,https://scholar.googleusercontent.com/citations?view_op=view_photo&user=d1NlnjQAAAAJ
Florence Forbes,Adrian E. Raftery,"Professor of Statistics and Sociology, University of Washington",https://scholar.google.com/citations?user=QN9RQAYAAAAJ&hl=fr,Adresse e-mail validée de uw.edu,https://scholar.googleusercontent.com/citations?view_op=view_photo&user=QN9RQAYAAAAJ
Florence Forbes,Laurent Risser,CNRS - Toulouse Mathematics Institute  - Artificial and Natural Intelligence Toulouse Institute,https://scholar.google.com/citations?user=Wy672r4AAAAJ&hl=fr,Adresse e-mail validée de math.univ-toulouse.fr,https://scholar.googleusercontent.com/citations?view_op=view_photo&user=Wy672r4AAAAJ
Florence Forbes,Stéphane Chrétien,"Dean of ASSP Faculty and Full professor of Statistics and Machine Learning, University of Lyon 2",https://scholar.google.com/citations?user=T8vcOB4AAAAJ&hl=fr,Adresse e-mail validée de univ-lyon2.fr,https://scholar.googleusercontent.com/citations?view_op=view_photo&user=T8vcOB4AAAAJ
Florence Forbes,Cordelia Schmid,Research director INRIA,https://scholar.google.com/citations?user=IvqCXP4AAAAJ&hl=fr,Adresse e-mail validée de inria.fr,https://scholar.googleusercontent.com/citations?view_op=view_photo&user=IvqCXP4AAAAJ
Florence Forbes,Christian Barillot,"CNRS, INRIA, INSERM, Rennes",https://scholar.google.com/citations?user=e4e6mI8AAAAJ&hl=fr,Adresse e-mail validée de irisa.fr,https://scholar.googleusercontent.com/citations?view_op=view_photo&user=e4e6mI8AAAAJ
Dr. Kenza Maher,,,,,
BOUAZZA abdellah,,,,,
BOUAZZA abdellah,El Hassan EL MOUDEN,Professor of Zoology,https://scholar.google.com/citations?user=IIFxhBgAAAAJ&hl=fr,Adresse e-mail validée de uca.ma,https://scholar.googleusercontent.com/citations?view_op=view_photo&user=IIFxhBgAAAAJ
BOUAZZA abdellah,Miguel Vences,"Professor for Evolutionary Biology, Technische Universität Braunschweig",https://scholar.google.com/citations?user=N5WBppcAAAAJ&hl=fr,Adresse e-mail validée de tu-bs.de,https://scholar.googleusercontent.com/citations?view_op=view_photo&user=N5WBppcAAAAJ
BOUAZZA abdellah,Gabriel Blouin-Demers,University of Ottawa,https://scholar.google.com/citations?user=jjF3fFcAAAAJ&hl=fr,Adresse e-mail validée de uottawa.ca,https://scholar.googleusercontent.com/citations?view_op=view_photo&user=jjF3fFcAAAAJ
BOUAZZA abdellah,violaine nicolas,MNHN,https://scholar.google.com/citations?user=wu9o6g0AAAAJ&hl=fr,Adresse e-mail validée de mnhn.fr,https://scholar.googleusercontent.com/citations?view_op=view_photo&user=wu9o6g0AAAAJ
BOUAZZA abdellah,Salvador Carranza,Reserch Professor at the Institute of Evolutionary Biology (CSIC-Universitat Pompeu Fabra),https://scholar.google.com/citations?user=AOP1VxMAAAAJ&hl=fr,Adresse e-mail validée de ibe.upf-csic.es,https://scholar.googleusercontent.com/citations?view_op=view_photo&user=AOP1VxMAAAAJ
BOUAZZA abdellah,philip,,https://scholar.google.com/citations?user=spPnF8gAAAAJ&hl=fr,Adresse e-mail validée de vive.earth,https://scholar.googleusercontent.com/citations?view_op=view_photo&user=spPnF8gAAAAJ
Slimani Tahar,,,,,
El Hassan EL MOUDEN,,,,,
El Hassan EL MOUDEN,Slimani Tahar,"Professor,  Cadi Ayyad University",https://scholar.google.com/citations?user=-sm0fAIAAAAJ&hl=fr,Adresse e-mail validée de uca.ac.ma,https://scholar.googleusercontent.com/citations?view_op=view_photo&user=-sm0fAIAAAAJ
El Hassan EL MOUDEN,Xavier Bonnet,DR2 CNRS,https://scholar.google.com/citations?user=g-xkAyoAAAAJ&hl=fr,Adresse e-mail validée de cebc.cnrs.fr,https://scholar.googleusercontent.com/citations?view_op=view_photo&user=g-xkAyoAAAAJ
El Hassan EL MOUDEN,BEN KADDOUR Khalid,"Professeur Assistant, Faculté de Médecine et de Pharmacie de Rabat",https://scholar.google.com/citations?user=9ipiqb0AAAAJ&hl=fr,Adresse e-mail validée de um5r.ac.ma,https://scholar.googleusercontent.com/citations?view_op=view_photo&user=9ipiqb0AAAAJ
El Hassan EL MOUDEN,LAGHZAOUI EL-MUSTAPHA,Faculty of sciences Semlalia,https://scholar.google.com/citations?user=4wnE5CkAAAAJ&hl=fr,Adresse e-mail validée de edu.uca.ac.ma,https://scholar.googleusercontent.com/citations?view_op=view_photo&user=4wnE5CkAAAAJ
El Hassan EL MOUDEN,Abdelaziz Abbad,"Faculty of Sciences, Semlalia, Cadi Ayyad University, Marrakech, Morocco",https://scholar.google.com/citations?user=9eB5KIkAAAAJ&hl=fr,Adresse e-mail validée de uca.ma,https://scholar.googleusercontent.com/citations?view_op=view_photo&user=9eB5KIkAAAAJ
El Hassan EL MOUDEN,BOUAZZA abdellah,PhD,https://scholar.google.com/citations?user=xPcaI2EAAAAJ&hl=fr,Adresse e-mail validée de uiz.ac.ma,https://scholar.googleusercontent.com/citations?view_op=view_photo&user=xPcaI2EAAAAJ
El Hassan EL MOUDEN,Aglagane Abdessamad,"Ibn Zohr University, Faculty of Science",https://scholar.google.com/citations?user=EBpjMxsAAAAJ&hl=fr,Adresse e-mail validée de edu.uiz.ac.ma,https://scholar.googleusercontent.com/citations?view_op=view_photo&user=EBpjMxsAAAAJ
El Hassan EL MOUDEN,AOURIR Mohamed,"Ibn Zohr University, Agadir Morocco",https://scholar.google.com/citations?user=9_jCIz4AAAAJ&hl=fr,Adresse e-mail validée de uiz.ac.ma,https://scholar.googleusercontent.com/citations?view_op=view_photo&user=9_jCIz4AAAAJ
El Hassan EL MOUDEN,marco a.l. zuffi,"curator of Zoology and Comparative anatomy, University of Pisa",https://scholar.google.com/citations?user=_5a2IRUAAAAJ&hl=fr,Adresse e-mail validée de unipi.it,https://scholar.googleusercontent.com/citations?view_op=view_photo&user=_5a2IRUAAAAJ
El Hassan EL MOUDEN,Richard P.C. Brown,"Associate Professor in Economics, University of Queensland",https://scholar.google.com/citations?user=1CTqftYAAAAJ&hl=fr,Adresse e-mail validée de uq.edu.au,https://scholar.googleusercontent.com/citations?view_op=view_photo&user=1CTqftYAAAAJ
El Hassan EL MOUDEN,Juan F. Beltrán,"Universidad de Sevilla, Departamento de Zoología",https://scholar.google.com/citations?user=XVK_1K4AAAAJ&hl=fr,Adresse e-mail validée de us.es,https://scholar.googleusercontent.com/citations?view_op=view_photo&user=XVK_1K4AAAAJ
El Hassan EL MOUDEN,Rafael Marquez,"Senior Researcher, Museo Nacional Ciencias Naturales, CSIC",https://scholar.google.com/citations?user=Lw8_K8EAAAAJ&hl=fr,Adresse e-mail validée de mncn.csic.es,https://scholar.googleusercontent.com/citations?view_op=view_photo&user=Lw8_K8EAAAAJ
El Hassan EL MOUDEN,Salvador Carranza,Reserch Professor at the Institute of Evolutionary Biology (CSIC-Universitat Pompeu Fabra),https://scholar.google.com/citations?user=AOP1VxMAAAAJ&hl=fr,Adresse e-mail validée de ibe.upf-csic.es,https://scholar.googleusercontent.com/citations?view_op=view_photo&user=AOP1VxMAAAAJ
El Hassan EL MOUDEN,Jaime Bosch,"IMIB-Biodiversity Research Institute, CSIC-University of Oviedo",https://scholar.google.com/citations?user=t5frSGQAAAAJ&hl=fr,Adresse e-mail validée de csic.es,https://scholar.googleusercontent.com/citations?view_op=view_photo&user=t5frSGQAAAAJ
El Hassan EL MOUDEN,Wouter Beukema,Project leader & researcher @ RAVON,https://scholar.google.com/citations?user=vewDCdQAAAAJ&hl=fr,Adresse e-mail validée de ravon.nl,https://scholar.googleusercontent.com/citations?view_op=view_photo&user=vewDCdQAAAAJ
El Hassan EL MOUDEN,Mónica Feriche,Universidad de Granada,https://scholar.google.com/citations?user=JiZmKlEAAAAJ&hl=fr,Adresse e-mail validée de ugr.es,https://scholar.googleusercontent.com/citations?view_op=view_photo&user=JiZmKlEAAAAJ
El Hassan EL MOUDEN,j m pleguezuelos,granada university,https://scholar.google.com/citations?user=7RpXDWsAAAAJ&hl=fr,Adresse e-mail validée de ugr.es,https://scholar.googleusercontent.com/citations?view_op=view_photo&user=7RpXDWsAAAAJ
El Hassan EL MOUDEN,Xavier Santos Santiró,CIBIO; Univ. de Porto,https://scholar.google.com/citations?user=UWezehsAAAAJ&hl=fr,Adresse e-mail validée de cibio.up.pt,https://scholar.googleusercontent.com/citations?view_op=view_photo&user=UWezehsAAAAJ
El Hassan EL MOUDEN,Miguel Vences,"Professor for Evolutionary Biology, Technische Universität Braunschweig",https://scholar.google.com/citations?user=N5WBppcAAAAJ&hl=fr,Adresse e-mail validée de tu-bs.de,https://scholar.googleusercontent.com/citations?view_op=view_photo&user=N5WBppcAAAAJ
El Hassan EL MOUDEN,Neil Cox,"Manager, Global Species Programme, International Union for the Conservation of Nature",https://scholar.google.com/citations?user=C1Mkl9MAAAAJ&hl=fr,Adresse e-mail validée de conservation.org,https://scholar.googleusercontent.com/citations?view_op=view_photo&user=C1Mkl9MAAAAJ
Bernard Schéou,,,,,
IBNELOUAD Aouatif,,,,,
M. Hajjaji,,,,,
Jabrane Amaghouss,,,,,
